CROP_LABEL,CROP_ID,NDVI,DATE,QUERY_DATE,LATITUDE,LONGITUDE
Paddy,P001,-0.04336104246236801,2022-07-16,2022-09-15,30.512319578639403,74.773546825301
Paddy,P001,0.6042240587695134,2022-08-10,2022-09-15,30.512319578639403,74.773546825301
Paddy,P001,0.865531914893617,2022-08-30,2022-09-15,30.512319578639403,74.773546825301
Paddy,P001,0.8722132843024593,2022-09-04,2022-09-15,30.512319578639403,74.773546825301
Paddy,P001,0.7537117903930131,2022-09-09,2022-09-15,30.512319578639403,74.773546825301
Paddy,P001,0.7443000213083315,2022-09-19,2022-09-15,30.512319578639403,74.773546825301
Paddy,P001,0.8276450511945392,2022-09-29,2022-09-15,30.512319578639403,74.773546825301
Paddy,P001,0.8351172853564108,2022-10-04,2022-09-15,30.512319578639403,74.773546825301
Paddy,P001,0.6248236953455572,2022-10-14,2022-09-15,30.512319578639403,74.773546825301
Paddy,P001,0.5775737071048815,2022-10-19,2022-09-15,30.512319578639403,74.773546825301
Paddy,P001,0.34551495016611294,2022-10-24,2022-09-15,30.512319578639403,74.773546825301
Paddy,P001,0.2779855397656445,2022-10-29,2022-09-15,30.512319578639403,74.773546825301
Paddy,P001,0.2965847813061714,2022-11-03,2022-09-15,30.512319578639403,74.773546825301
Paddy,P001,0.24384863397250975,2022-11-13,2022-09-15,30.512319578639403,74.773546825301
Paddy,P001,0.12671029149315882,2022-11-18,2022-09-15,30.512319578639403,74.773546825301
Paddy,P001,0.1267345050878816,2022-11-23,2022-09-15,30.512319578639403,74.773546825301
Paddy,P001,0.12040990606319385,2022-11-28,2022-09-15,30.512319578639403,74.773546825301
Paddy,P001,0.11578947368421053,2022-12-03,2022-09-15,30.512319578639403,74.773546825301
Paddy,P002,0.1111111111111111,2022-06-01,2022-09-15,30.51358007799638,74.7734028098925
Paddy,P002,0.0829326923076923,2022-06-06,2022-09-15,30.51358007799638,74.7734028098925
Paddy,P002,0.07573244886677723,2022-06-11,2022-09-15,30.51358007799638,74.7734028098925
Paddy,P002,-0.08686376104846083,2022-06-26,2022-09-15,30.51358007799638,74.7734028098925
Paddy,P002,0.1991657977059437,2022-07-16,2022-09-15,30.51358007799638,74.7734028098925
Paddy,P002,0.9089581304771178,2022-08-10,2022-09-15,30.51358007799638,74.7734028098925
Paddy,P002,0.8128523111612176,2022-08-30,2022-09-15,30.51358007799638,74.7734028098925
Paddy,P002,0.8380390940117902,2022-09-04,2022-09-15,30.51358007799638,74.7734028098925
Paddy,P002,0.728,2022-09-09,2022-09-15,30.51358007799638,74.7734028098925
Paddy,P002,0.7332139659803044,2022-09-19,2022-09-15,30.51358007799638,74.7734028098925
Paddy,P002,0.8131776480400333,2022-09-29,2022-09-15,30.51358007799638,74.7734028098925
Paddy,P002,0.76044056906838,2022-10-04,2022-09-15,30.51358007799638,74.7734028098925
Paddy,P002,0.48883374689826303,2022-10-14,2022-09-15,30.51358007799638,74.7734028098925
Paddy,P002,0.41967871485943775,2022-10-19,2022-09-15,30.51358007799638,74.7734028098925
Paddy,P002,0.3961864406779661,2022-10-24,2022-09-15,30.51358007799638,74.7734028098925
Paddy,P002,0.29743812418584453,2022-10-29,2022-09-15,30.51358007799638,74.7734028098925
Paddy,P002,0.27860696517412936,2022-11-03,2022-09-15,30.51358007799638,74.7734028098925
Paddy,P002,0.2499185402411209,2022-11-13,2022-09-15,30.51358007799638,74.7734028098925
Paddy,P002,0.1828358208955224,2022-11-18,2022-09-15,30.51358007799638,74.7734028098925
Paddy,P002,0.13680494263018536,2022-11-23,2022-09-15,30.51358007799638,74.7734028098925
Paddy,P002,0.125,2022-11-28,2022-09-15,30.51358007799638,74.7734028098925
Paddy,P003,0.07625482625482626,2022-06-06,2022-09-15,30.51196117594595,74.77461785057326
Paddy,P003,0.08488862131246237,2022-06-11,2022-09-15,30.51196117594595,74.77461785057326
Paddy,P003,0.021431459765467044,2022-06-26,2022-09-15,30.51196117594595,74.77461785057326
Paddy,P003,-0.10081223124701386,2022-07-16,2022-09-15,30.51196117594595,74.77461785057326
Paddy,P003,0.5266821345707656,2022-08-10,2022-09-15,30.51196117594595,74.77461785057326
Paddy,P003,0.8598321614878657,2022-08-30,2022-09-15,30.51196117594595,74.77461785057326
Paddy,P003,0.8842581567039771,2022-09-04,2022-09-15,30.51196117594595,74.77461785057326
Paddy,P003,0.7019390581717452,2022-09-09,2022-09-15,30.51196117594595,74.77461785057326
Paddy,P003,0.7598612917208496,2022-09-19,2022-09-15,30.51196117594595,74.77461785057326
Paddy,P003,0.8233858442422898,2022-09-29,2022-09-15,30.51196117594595,74.77461785057326
Paddy,P003,0.8251231527093597,2022-10-04,2022-09-15,30.51196117594595,74.77461785057326
Paddy,P003,0.615819209039548,2022-10-14,2022-09-15,30.51196117594595,74.77461785057326
Paddy,P003,0.5758013979272114,2022-10-19,2022-09-15,30.51196117594595,74.77461785057326
Paddy,P003,0.5297509829619922,2022-10-24,2022-09-15,30.51196117594595,74.77461785057326
Paddy,P003,0.5119453924914675,2022-10-29,2022-09-15,30.51196117594595,74.77461785057326
Paddy,P003,0.4415990006246096,2022-11-03,2022-09-15,30.51196117594595,74.77461785057326
Paddy,P003,0.19114254959249577,2022-11-13,2022-09-15,30.51196117594595,74.77461785057326
Paddy,P003,0.18361153262518967,2022-11-18,2022-09-15,30.51196117594595,74.77461785057326
Paddy,P003,0.17963224893917965,2022-11-23,2022-09-15,30.51196117594595,74.77461785057326
Paddy,P003,0.14251781472684086,2022-11-28,2022-09-15,30.51196117594595,74.77461785057326
Paddy,P004,0.06843065693430657,2022-06-06,2022-09-15,30.51620150197453,74.76527757822606
Paddy,P004,0.04932735426008968,2022-06-11,2022-09-15,30.51620150197453,74.76527757822606
Paddy,P004,0.02002503128911139,2022-06-26,2022-09-15,30.51620150197453,74.76527757822606
Paddy,P004,-0.17507418397626112,2022-07-16,2022-09-15,30.51620150197453,74.76527757822606
Paddy,P004,0.8337182448036952,2022-08-10,2022-09-15,30.51620150197453,74.76527757822606
Paddy,P004,0.844361215147732,2022-08-30,2022-09-15,30.51620150197453,74.76527757822606
Paddy,P004,0.8626473254759747,2022-09-04,2022-09-15,30.51620150197453,74.76527757822606
Paddy,P004,0.6588397790055248,2022-09-09,2022-09-15,30.51620150197453,74.76527757822606
Paddy,P004,0.7110552763819096,2022-09-19,2022-09-15,30.51620150197453,74.76527757822606
Paddy,P004,0.8061041292639138,2022-09-29,2022-09-15,30.51620150197453,74.76527757822606
Paddy,P004,0.84,2022-10-04,2022-09-15,30.51620150197453,74.76527757822606
Paddy,P004,0.6652489367025269,2022-10-14,2022-09-15,30.51620150197453,74.76527757822606
Paddy,P004,0.6611489776046738,2022-10-19,2022-09-15,30.51620150197453,74.76527757822606
Paddy,P004,0.5685670261941448,2022-10-24,2022-09-15,30.51620150197453,74.76527757822606
Paddy,P004,0.5783602900167317,2022-10-29,2022-09-15,30.51620150197453,74.76527757822606
Paddy,P004,0.25076640098099323,2022-11-03,2022-09-15,30.51620150197453,74.76527757822606
Paddy,P004,0.10927835051546392,2022-11-13,2022-09-15,30.51620150197453,74.76527757822606
Paddy,P004,0.09272030651340996,2022-11-18,2022-09-15,30.51620150197453,74.76527757822606
Paddy,P004,0.10191570881226053,2022-11-23,2022-09-15,30.51620150197453,74.76527757822606
Paddy,P004,0.11441307578008915,2022-11-28,2022-09-15,30.51620150197453,74.76527757822606
Paddy,P005,0.07650058846606513,2022-06-06,2022-09-15,30.51568983676039,74.7658525735039
Paddy,P005,0.06906906906906907,2022-06-11,2022-09-15,30.51568983676039,74.7658525735039
Paddy,P005,0.03283391775581766,2022-06-26,2022-09-15,30.51568983676039,74.7658525735039
Paddy,P005,-0.1098546042003231,2022-07-16,2022-09-15,30.51568983676039,74.7658525735039
Paddy,P005,0.8054245283018868,2022-08-10,2022-09-15,30.51568983676039,74.7658525735039
Paddy,P005,0.8242466068553025,2022-08-30,2022-09-15,30.51568983676039,74.7658525735039
Paddy,P005,0.8095238095238095,2022-09-04,2022-09-15,30.51568983676039,74.7658525735039
Paddy,P005,0.6256077795786061,2022-09-09,2022-09-15,30.51568983676039,74.7658525735039
Paddy,P005,0.6967960406355822,2022-09-19,2022-09-15,30.51568983676039,74.7658525735039
Paddy,P005,0.7860520094562647,2022-09-29,2022-09-15,30.51568983676039,74.7658525735039
Paddy,P005,0.8167597765363128,2022-10-04,2022-09-15,30.51568983676039,74.7658525735039
Paddy,P005,0.6051844466600199,2022-10-14,2022-09-15,30.51568983676039,74.7658525735039
Paddy,P005,0.568395061728395,2022-10-19,2022-09-15,30.51568983676039,74.7658525735039
Paddy,P005,0.5121698601760746,2022-10-24,2022-09-15,30.51568983676039,74.7658525735039
Paddy,P005,0.5110504774897681,2022-10-29,2022-09-15,30.51568983676039,74.7658525735039
Paddy,P005,0.2919478182636077,2022-11-03,2022-09-15,30.51568983676039,74.7658525735039
Paddy,P005,0.25776244455396746,2022-11-13,2022-09-15,30.51568983676039,74.7658525735039
Paddy,P005,0.10559886605244508,2022-11-18,2022-09-15,30.51568983676039,74.7658525735039
Paddy,P005,0.11049723756906077,2022-11-23,2022-09-15,30.51568983676039,74.7658525735039
Paddy,P005,0.14814814814814814,2022-11-28,2022-09-15,30.51568983676039,74.7658525735039
Paddy,P006,0.06319702602230483,2022-06-06,2022-09-15,30.515722346455444,74.76427515110726
Paddy,P006,0.04873477038425492,2022-06-11,2022-09-15,30.515722346455444,74.76427515110726
Paddy,P006,0.012662337662337663,2022-06-26,2022-09-15,30.515722346455444,74.76427515110726
Paddy,P006,-0.14011208967173738,2022-07-16,2022-09-15,30.515722346455444,74.76427515110726
Paddy,P006,0.8340011448196909,2022-08-10,2022-09-15,30.515722346455444,74.76427515110726
Paddy,P006,0.8624519436138403,2022-08-30,2022-09-15,30.515722346455444,74.76427515110726
Paddy,P006,0.8688888888888889,2022-09-04,2022-09-15,30.515722346455444,74.76427515110726
Paddy,P006,0.67828418230563,2022-09-09,2022-09-15,30.515722346455444,74.76427515110726
Paddy,P006,0.7452107279693486,2022-09-19,2022-09-15,30.515722346455444,74.76427515110726
Paddy,P006,0.8373983739837398,2022-09-29,2022-09-15,30.515722346455444,74.76427515110726
Paddy,P006,0.844460060904193,2022-10-04,2022-09-15,30.515722346455444,74.76427515110726
Paddy,P006,0.6610935381834614,2022-10-14,2022-09-15,30.515722346455444,74.76427515110726
Paddy,P006,0.5634244733303452,2022-10-19,2022-09-15,30.515722346455444,74.76427515110726
Paddy,P006,0.5112359550561798,2022-10-24,2022-09-15,30.515722346455444,74.76427515110726
Paddy,P006,0.4925153374233129,2022-10-29,2022-09-15,30.515722346455444,74.76427515110726
Paddy,P006,0.24606993904395252,2022-11-03,2022-09-15,30.515722346455444,74.76427515110726
Paddy,P006,0.12996193583469276,2022-11-13,2022-09-15,30.515722346455444,74.76427515110726
Paddy,P006,0.09176470588235294,2022-11-18,2022-09-15,30.515722346455444,74.76427515110726
Paddy,P006,0.10317460317460317,2022-11-23,2022-09-15,30.515722346455444,74.76427515110726
Paddy,P006,0.12345679012345678,2022-11-28,2022-09-15,30.515722346455444,74.76427515110726
Paddy,P007,0.06857424765663542,2022-06-06,2022-09-15,30.5124912357883,74.76335901896941
Paddy,P007,0.06124357176250585,2022-06-11,2022-09-15,30.5124912357883,74.76335901896941
Paddy,P007,0.04912280701754386,2022-06-26,2022-09-15,30.5124912357883,74.76335901896941
Paddy,P007,-0.08846857840146431,2022-07-16,2022-09-15,30.5124912357883,74.76335901896941
Paddy,P007,0.40229885057471265,2022-08-10,2022-09-15,30.5124912357883,74.76335901896941
Paddy,P007,0.8061698061698062,2022-08-30,2022-09-15,30.5124912357883,74.76335901896941
Paddy,P007,0.8442171518489379,2022-09-04,2022-09-15,30.5124912357883,74.76335901896941
Paddy,P007,0.6592151018380527,2022-09-09,2022-09-15,30.5124912357883,74.76335901896941
Paddy,P007,0.7282981853849927,2022-09-19,2022-09-15,30.5124912357883,74.76335901896941
Paddy,P007,0.8021978021978022,2022-09-29,2022-09-15,30.5124912357883,74.76335901896941
Paddy,P007,0.7988520089842776,2022-10-04,2022-09-15,30.5124912357883,74.76335901896941
Paddy,P007,0.5721493440968718,2022-10-14,2022-09-15,30.5124912357883,74.76335901896941
Paddy,P007,0.5089757127771911,2022-10-19,2022-09-15,30.5124912357883,74.76335901896941
Paddy,P007,0.4548802946593002,2022-10-24,2022-09-15,30.5124912357883,74.76335901896941
Paddy,P007,0.42327150084317033,2022-10-29,2022-09-15,30.5124912357883,74.76335901896941
Paddy,P007,0.37271619975639464,2022-11-03,2022-09-15,30.5124912357883,74.76335901896941
Paddy,P007,0.2,2022-11-13,2022-09-15,30.5124912357883,74.76335901896941
Paddy,P007,0.09671694764862467,2022-11-18,2022-09-15,30.5124912357883,74.76335901896941
Paddy,P007,0.1067463706233988,2022-11-23,2022-09-15,30.5124912357883,74.76335901896941
Paddy,P007,0.13801452784503632,2022-11-28,2022-09-15,30.5124912357883,74.76335901896941
Paddy,P008,0.09598781107160996,2022-06-01,2022-09-15,30.507774805120025,74.7512973834272
Paddy,P008,0.09072781655034895,2022-06-06,2022-09-15,30.507774805120025,74.7512973834272
Paddy,P008,0.05767441860465116,2022-06-11,2022-09-15,30.507774805120025,74.7512973834272
Paddy,P008,0.020347979946918313,2022-06-26,2022-09-15,30.507774805120025,74.7512973834272
Paddy,P008,0.14140386571719227,2022-07-16,2022-09-15,30.507774805120025,74.7512973834272
Paddy,P008,0.8885227896760022,2022-08-10,2022-09-15,30.507774805120025,74.7512973834272
Paddy,P008,0.8751238850346879,2022-08-30,2022-09-15,30.507774805120025,74.7512973834272
Paddy,P008,0.8831376734258272,2022-09-04,2022-09-15,30.507774805120025,74.7512973834272
Paddy,P008,0.7159066113899193,2022-09-09,2022-09-15,30.507774805120025,74.7512973834272
Paddy,P008,0.7695238095238095,2022-09-19,2022-09-15,30.507774805120025,74.7512973834272
Paddy,P008,0.8373121131741822,2022-09-29,2022-09-15,30.507774805120025,74.7512973834272
Paddy,P008,0.8364211477632173,2022-10-04,2022-09-15,30.507774805120025,74.7512973834272
Paddy,P008,0.6030317385125533,2022-10-14,2022-09-15,30.507774805120025,74.7512973834272
Paddy,P008,0.5533980582524272,2022-10-19,2022-09-15,30.507774805120025,74.7512973834272
Paddy,P008,0.47300215982721383,2022-10-24,2022-09-15,30.507774805120025,74.7512973834272
Paddy,P008,0.44315030504714364,2022-10-29,2022-09-15,30.507774805120025,74.7512973834272
Paddy,P008,0.19942112879884225,2022-11-03,2022-09-15,30.507774805120025,74.7512973834272
Paddy,P008,0.18215878679750222,2022-11-13,2022-09-15,30.507774805120025,74.7512973834272
Paddy,P008,0.15805785123966942,2022-11-18,2022-09-15,30.507774805120025,74.7512973834272
Paddy,P008,0.14047151277013753,2022-11-23,2022-09-15,30.507774805120025,74.7512973834272
Paddy,P008,0.13201970443349753,2022-11-28,2022-09-15,30.507774805120025,74.7512973834272
Paddy,P009,0.2267536704730832,2021-12-27,2022-04-15,24.84634663203648,90.70789214267982
Paddy,P009,0.18776671408250356,2022-01-01,2022-04-15,24.84634663203648,90.70789214267982
Paddy,P009,0.22903115371448135,2022-01-06,2022-04-15,24.84634663203648,90.70789214267982
Paddy,P009,0.23569794050343248,2022-01-16,2022-04-15,24.84634663203648,90.70789214267982
Paddy,P009,0.17861635220125785,2022-01-31,2022-04-15,24.84634663203648,90.70789214267982
Paddy,P009,0.35169660678642717,2022-02-15,2022-04-15,24.84634663203648,90.70789214267982
Paddy,P009,0.3615676359039191,2022-02-20,2022-04-15,24.84634663203648,90.70789214267982
Paddy,P009,0.41111873713109126,2022-02-25,2022-04-15,24.84634663203648,90.70789214267982
Paddy,P009,0.5395894428152492,2022-03-02,2022-04-15,24.84634663203648,90.70789214267982
Paddy,P009,0.5186380980334605,2022-03-07,2022-04-15,24.84634663203648,90.70789214267982
Paddy,P009,0.5618417092988264,2022-03-12,2022-04-15,24.84634663203648,90.70789214267982
Paddy,P009,0.6818313532309476,2022-03-17,2022-04-15,24.84634663203648,90.70789214267982
Paddy,P009,0.5967619529471287,2022-03-22,2022-04-15,24.84634663203648,90.70789214267982
Paddy,P009,0.6691176470588235,2022-04-11,2022-04-15,24.84634663203648,90.70789214267982
Paddy,P009,0.6808667815808914,2022-04-21,2022-04-15,24.84634663203648,90.70789214267982
Paddy,P009,0.2992056487202118,2022-04-26,2022-04-15,24.84634663203648,90.70789214267982
Paddy,P009,0.6498635122838945,2022-05-01,2022-04-15,24.84634663203648,90.70789214267982
Paddy,P009,0.02462121212121212,2022-05-26,2022-04-15,24.84634663203648,90.70789214267982
Paddy,P009,0.2818015824710895,2022-05-31,2022-04-15,24.84634663203648,90.70789214267982
Paddy,P009,0.43215943215943214,2022-07-10,2022-04-15,24.84634663203648,90.70789214267982
Paddy,P010,0.22909477037430315,2021-12-17,2022-04-15,24.84817672945665,90.71520508312001
Paddy,P010,-0.022948938611589215,2021-12-22,2022-04-15,24.84817672945665,90.71520508312001
Paddy,P010,0.20652173913043478,2021-12-27,2022-04-15,24.84817672945665,90.71520508312001
Paddy,P010,0.2004230565838181,2022-01-01,2022-04-15,24.84817672945665,90.71520508312001
Paddy,P010,0.2033745103946972,2022-01-06,2022-04-15,24.84817672945665,90.71520508312001
Paddy,P010,0.13953488372093023,2022-01-16,2022-04-15,24.84817672945665,90.71520508312001
Paddy,P010,0.08023483365949119,2022-01-31,2022-04-15,24.84817672945665,90.71520508312001
Paddy,P010,0.24701385570950787,2022-02-15,2022-04-15,24.84817672945665,90.71520508312001
Paddy,P010,0.2876071706936867,2022-02-20,2022-04-15,24.84817672945665,90.71520508312001
Paddy,P010,0.3510054844606947,2022-02-25,2022-04-15,24.84817672945665,90.71520508312001
Paddy,P010,0.6325254104769351,2022-03-02,2022-04-15,24.84817672945665,90.71520508312001
Paddy,P010,0.6606473594548552,2022-03-07,2022-04-15,24.84817672945665,90.71520508312001
Paddy,P010,0.7023060796645703,2022-03-12,2022-04-15,24.84817672945665,90.71520508312001
Paddy,P010,0.8102926337033299,2022-03-17,2022-04-15,24.84817672945665,90.71520508312001
Paddy,P010,0.75,2022-03-22,2022-04-15,24.84817672945665,90.71520508312001
Paddy,P010,0.775929775929776,2022-04-11,2022-04-15,24.84817672945665,90.71520508312001
Paddy,P010,0.8075564011959772,2022-04-21,2022-04-15,24.84817672945665,90.71520508312001
Paddy,P010,0.0804339693228582,2022-04-26,2022-04-15,24.84817672945665,90.71520508312001
Paddy,P010,0.5955473098330241,2022-05-01,2022-04-15,24.84817672945665,90.71520508312001
Paddy,P010,0.0006265664160401002,2022-05-26,2022-04-15,24.84817672945665,90.71520508312001
Paddy,P010,0.20674578388507184,2022-05-31,2022-04-15,24.84817672945665,90.71520508312001
Paddy,P010,0.055040197897340756,2022-07-10,2022-04-15,24.84817672945665,90.71520508312001
Paddy,P011,0.17084282460136674,2021-12-27,2022-04-15,24.84819250496077,90.71582875966283
Paddy,P011,0.1335423197492163,2022-01-01,2022-04-15,24.84819250496077,90.71582875966283
Paddy,P011,0.1371280724450194,2022-01-06,2022-04-15,24.84819250496077,90.71582875966283
Paddy,P011,0.1436502428868841,2022-01-16,2022-04-15,24.84819250496077,90.71582875966283
Paddy,P011,0.10727969348659004,2022-01-31,2022-04-15,24.84819250496077,90.71582875966283
Paddy,P011,0.3397964129907901,2022-02-15,2022-04-15,24.84819250496077,90.71582875966283
Paddy,P011,0.3106876553438277,2022-02-20,2022-04-15,24.84819250496077,90.71582875966283
Paddy,P011,0.3307423241352507,2022-02-25,2022-04-15,24.84819250496077,90.71582875966283
Paddy,P011,0.6029699101211411,2022-03-02,2022-04-15,24.84819250496077,90.71582875966283
Paddy,P011,0.6824209452567154,2022-03-07,2022-04-15,24.84819250496077,90.71582875966283
Paddy,P011,0.7071611253196931,2022-03-12,2022-04-15,24.84819250496077,90.71582875966283
Paddy,P011,0.7744318181818182,2022-03-17,2022-04-15,24.84819250496077,90.71582875966283
Paddy,P011,0.744,2022-03-22,2022-04-15,24.84819250496077,90.71582875966283
Paddy,P011,0.7401646843549863,2022-04-11,2022-04-15,24.84819250496077,90.71582875966283
Paddy,P011,0.8104241185487991,2022-04-21,2022-04-15,24.84819250496077,90.71582875966283
Paddy,P011,0.08607784431137724,2022-04-26,2022-04-15,24.84819250496077,90.71582875966283
Paddy,P011,0.5798421372191864,2022-05-01,2022-04-15,24.84819250496077,90.71582875966283
Paddy,P011,-0.007255936675461741,2022-05-26,2022-04-15,24.84819250496077,90.71582875966283
Paddy,P011,0.22474747474747475,2022-05-31,2022-04-15,24.84819250496077,90.71582875966283
Paddy,P011,0.058823529411764705,2022-07-10,2022-04-15,24.84819250496077,90.71582875966283
Paddy,P012,0.10875331564986737,2022-06-16,2022-07-15,30.73214147179492,75.70003378284754
Paddy,P012,-0.013254786450662739,2022-06-26,2022-07-15,30.73214147179492,75.70003378284754
Paddy,P012,0.12637362637362637,2022-07-16,2022-07-15,30.73214147179492,75.70003378284754
Paddy,P012,0.9265785609397944,2022-08-10,2022-07-15,30.73214147179492,75.70003378284754
Paddy,P012,0.8924922256774767,2022-09-04,2022-07-15,30.73214147179492,75.70003378284754
Paddy,P012,0.8525754884547069,2022-09-19,2022-07-15,30.73214147179492,75.70003378284754
Paddy,P012,0.7486252945797329,2022-09-29,2022-07-15,30.73214147179492,75.70003378284754
Paddy,P012,0.8566004020549475,2022-10-04,2022-07-15,30.73214147179492,75.70003378284754
Paddy,P012,0.7086419753086419,2022-10-14,2022-07-15,30.73214147179492,75.70003378284754
Paddy,P012,0.6398729538236013,2022-10-19,2022-07-15,30.73214147179492,75.70003378284754
Paddy,P012,0.5316718587746625,2022-10-24,2022-07-15,30.73214147179492,75.70003378284754
Paddy,P012,0.32409698169223156,2022-10-29,2022-07-15,30.73214147179492,75.70003378284754
Paddy,P012,0.22935779816513763,2022-11-13,2022-07-15,30.73214147179492,75.70003378284754
Paddy,P012,0.11418181818181818,2022-11-23,2022-07-15,30.73214147179492,75.70003378284754
Paddy,P013,0.09194673430564362,2022-06-16,2022-07-15,30.732290178682412,75.6993605483825
Paddy,P013,0.03645320197044335,2022-06-26,2022-07-15,30.732290178682412,75.6993605483825
Paddy,P013,0.11898173768677366,2022-07-16,2022-07-15,30.732290178682412,75.6993605483825
Paddy,P013,0.9188321167883212,2022-08-10,2022-07-15,30.732290178682412,75.6993605483825
Paddy,P013,0.8890271211744215,2022-09-04,2022-07-15,30.732290178682412,75.6993605483825
Paddy,P013,0.8321342925659473,2022-09-19,2022-07-15,30.732290178682412,75.6993605483825
Paddy,P013,0.7344220025784272,2022-09-29,2022-07-15,30.732290178682412,75.6993605483825
Paddy,P013,0.8431176617536847,2022-10-04,2022-07-15,30.732290178682412,75.6993605483825
Paddy,P013,0.6526818906001062,2022-10-14,2022-07-15,30.732290178682412,75.6993605483825
Paddy,P013,0.5620791812550499,2022-10-19,2022-07-15,30.732290178682412,75.6993605483825
Paddy,P013,0.5235259082787374,2022-10-24,2022-07-15,30.732290178682412,75.6993605483825
Paddy,P013,0.2843273231622746,2022-10-29,2022-07-15,30.732290178682412,75.6993605483825
Paddy,P013,0.18348144276006273,2022-11-13,2022-07-15,30.732290178682412,75.6993605483825
Paddy,P013,0.13717693836978131,2022-11-23,2022-07-15,30.732290178682412,75.6993605483825
Paddy,P014,0.09425493716337523,2022-06-06,2022-09-15,30.970392674054782,75.30181252063454
Paddy,P014,0.076650420912716,2022-06-11,2022-09-15,30.970392674054782,75.30181252063454
Paddy,P014,0.09230769230769231,2022-06-16,2022-09-15,30.970392674054782,75.30181252063454
Paddy,P014,-0.030206677265500796,2022-06-26,2022-09-15,30.970392674054782,75.30181252063454
Paddy,P014,0.42782152230971127,2022-07-16,2022-09-15,30.970392674054782,75.30181252063454
Paddy,P014,0.9393939393939394,2022-08-10,2022-09-15,30.970392674054782,75.30181252063454
Paddy,P014,0.8830242510699001,2022-09-04,2022-09-15,30.970392674054782,75.30181252063454
Paddy,P014,0.32473702069901594,2022-09-09,2022-09-15,30.970392674054782,75.30181252063454
Paddy,P014,0.8101480941976208,2022-09-19,2022-09-15,30.970392674054782,75.30181252063454
Paddy,P014,0.7306193157210914,2022-09-29,2022-09-15,30.970392674054782,75.30181252063454
Paddy,P014,0.8383991894630193,2022-10-04,2022-09-15,30.970392674054782,75.30181252063454
Paddy,P014,0.6453900709219859,2022-10-14,2022-09-15,30.970392674054782,75.30181252063454
Paddy,P014,0.5888268156424581,2022-10-19,2022-09-15,30.970392674054782,75.30181252063454
Paddy,P014,0.5211097708082026,2022-10-24,2022-09-15,30.970392674054782,75.30181252063454
Paddy,P014,0.3437319468515309,2022-10-29,2022-09-15,30.970392674054782,75.30181252063454
Paddy,P014,0.11258278145695365,2022-11-13,2022-09-15,30.970392674054782,75.30181252063454
Paddy,P014,0.15008828722778106,2022-11-23,2022-09-15,30.970392674054782,75.30181252063454
Paddy,P015,0.07163120567375887,2022-06-06,2022-09-15,30.969498732593195,75.30124714201894
Paddy,P015,0.07345225603357818,2022-06-11,2022-09-15,30.969498732593195,75.30124714201894
Paddy,P015,0.009713835652402206,2022-06-16,2022-09-15,30.969498732593195,75.30124714201894
Paddy,P015,0.04492394764768306,2022-06-26,2022-09-15,30.969498732593195,75.30124714201894
Paddy,P015,0.6005528680027643,2022-07-16,2022-09-15,30.969498732593195,75.30124714201894
Paddy,P015,0.9339173967459324,2022-08-10,2022-09-15,30.969498732593195,75.30124714201894
Paddy,P015,0.8750290360046458,2022-09-04,2022-09-15,30.969498732593195,75.30124714201894
Paddy,P015,0.24383301707779886,2022-09-09,2022-09-15,30.969498732593195,75.30124714201894
Paddy,P015,0.8051001821493625,2022-09-19,2022-09-15,30.969498732593195,75.30124714201894
Paddy,P015,0.7315875613747954,2022-09-29,2022-09-15,30.969498732593195,75.30124714201894
Paddy,P015,0.845565383695912,2022-10-04,2022-09-15,30.969498732593195,75.30124714201894
Paddy,P015,0.6292585170340681,2022-10-14,2022-09-15,30.969498732593195,75.30124714201894
Paddy,P015,0.5434951960529733,2022-10-19,2022-09-15,30.969498732593195,75.30124714201894
Paddy,P015,0.48496880317640384,2022-10-24,2022-09-15,30.969498732593195,75.30124714201894
Paddy,P015,0.33040131940626716,2022-10-29,2022-09-15,30.969498732593195,75.30124714201894
Paddy,P015,0.2304230423042304,2022-11-13,2022-09-15,30.969498732593195,75.30124714201894
Paddy,P015,0.12144344205412907,2022-11-23,2022-09-15,30.969498732593195,75.30124714201894
Paddy,P015,0.09169764560099132,2022-11-28,2022-09-15,30.969498732593195,75.30124714201894
Paddy,P016,0.08204711616571893,2022-06-06,2022-09-15,30.96656398510926,75.30142946787171
Paddy,P016,0.06467661691542288,2022-06-11,2022-09-15,30.96656398510926,75.30142946787171
Paddy,P016,-0.02924451665312754,2022-06-16,2022-09-15,30.96656398510926,75.30142946787171
Paddy,P016,0.10505494505494506,2022-06-26,2022-09-15,30.96656398510926,75.30142946787171
Paddy,P016,0.646398503274088,2022-07-16,2022-09-15,30.96656398510926,75.30142946787171
Paddy,P016,0.9278252611585945,2022-08-10,2022-09-15,30.96656398510926,75.30142946787171
Paddy,P016,0.8641914997557401,2022-09-04,2022-09-15,30.96656398510926,75.30142946787171
Paddy,P016,0.0651685393258427,2022-09-09,2022-09-15,30.96656398510926,75.30142946787171
Paddy,P016,0.7688172043010753,2022-09-19,2022-09-15,30.96656398510926,75.30142946787171
Paddy,P016,0.70201912858661,2022-09-29,2022-09-15,30.96656398510926,75.30142946787171
Paddy,P016,0.7865050079072219,2022-10-04,2022-09-15,30.96656398510926,75.30142946787171
Paddy,P016,0.5448898927159797,2022-10-14,2022-09-15,30.96656398510926,75.30142946787171
Paddy,P016,0.4581447963800905,2022-10-19,2022-09-15,30.96656398510926,75.30142946787171
Paddy,P016,0.42063001852995674,2022-10-24,2022-09-15,30.96656398510926,75.30142946787171
Paddy,P016,0.26440677966101694,2022-10-29,2022-09-15,30.96656398510926,75.30142946787171
Paddy,P016,0.058279370952821465,2022-11-13,2022-09-15,30.96656398510926,75.30142946787171
Paddy,P016,0.13659359190556492,2022-11-23,2022-09-15,30.96656398510926,75.30142946787171
Paddy,P017,0.09801633605600933,2022-06-06,2022-09-15,30.969213742014045,75.30933807293805
Paddy,P017,0.07521186440677965,2022-06-11,2022-09-15,30.969213742014045,75.30933807293805
Paddy,P017,0.05095890410958904,2022-06-16,2022-09-15,30.969213742014045,75.30933807293805
Paddy,P017,-0.026352288488210817,2022-06-26,2022-09-15,30.969213742014045,75.30933807293805
Paddy,P017,0.11769059955588453,2022-07-16,2022-09-15,30.969213742014045,75.30933807293805
Paddy,P017,0.8887902987281869,2022-08-10,2022-09-15,30.969213742014045,75.30933807293805
Paddy,P017,0.8400659521846661,2022-09-04,2022-09-15,30.969213742014045,75.30933807293805
Paddy,P017,0.6714648602878917,2022-09-09,2022-09-15,30.969213742014045,75.30933807293805
Paddy,P017,0.7724425887265136,2022-09-19,2022-09-15,30.969213742014045,75.30933807293805
Paddy,P017,0.7223486572598998,2022-09-29,2022-09-15,30.969213742014045,75.30933807293805
Paddy,P017,0.8195020746887967,2022-10-04,2022-09-15,30.969213742014045,75.30933807293805
Paddy,P017,0.6277807921866522,2022-10-14,2022-09-15,30.969213742014045,75.30933807293805
Paddy,P017,0.541036717062635,2022-10-19,2022-09-15,30.969213742014045,75.30933807293805
Paddy,P017,0.49516908212560384,2022-10-24,2022-09-15,30.969213742014045,75.30933807293805
Paddy,P017,0.33833718244803695,2022-10-29,2022-09-15,30.969213742014045,75.30933807293805
Paddy,P017,0.096,2022-11-13,2022-09-15,30.969213742014045,75.30933807293805
Paddy,P017,0.11859219586840092,2022-11-23,2022-09-15,30.969213742014045,75.30933807293805
Paddy,P018,0.07421074210742107,2022-06-06,2022-09-15,30.96876389813254,75.30976739810477
Paddy,P018,0.06362672322375397,2022-06-11,2022-09-15,30.96876389813254,75.30976739810477
Paddy,P018,0.06626340390431674,2022-06-16,2022-09-15,30.96876389813254,75.30976739810477
Paddy,P018,-0.060556464811783964,2022-06-26,2022-09-15,30.96876389813254,75.30976739810477
Paddy,P018,0.4642356241234222,2022-07-16,2022-09-15,30.96876389813254,75.30976739810477
Paddy,P018,0.9370703331570598,2022-08-10,2022-09-15,30.96876389813254,75.30976739810477
Paddy,P018,0.8835350536652203,2022-09-04,2022-09-15,30.96876389813254,75.30976739810477
Paddy,P018,0.716915995397008,2022-09-09,2022-09-15,30.96876389813254,75.30976739810477
Paddy,P018,0.799364502950522,2022-09-19,2022-09-15,30.96876389813254,75.30976739810477
Paddy,P018,0.7551695616211745,2022-09-29,2022-09-15,30.96876389813254,75.30976739810477
Paddy,P018,0.8457223001402524,2022-10-04,2022-09-15,30.96876389813254,75.30976739810477
Paddy,P018,0.6828408782867986,2022-10-14,2022-09-15,30.96876389813254,75.30976739810477
Paddy,P018,0.5821217016693592,2022-10-19,2022-09-15,30.96876389813254,75.30976739810477
Paddy,P018,0.530804248861912,2022-10-24,2022-09-15,30.96876389813254,75.30976739810477
Paddy,P018,0.3613543490951547,2022-10-29,2022-09-15,30.96876389813254,75.30976739810477
Paddy,P018,0.08790252393385553,2022-11-13,2022-09-15,30.96876389813254,75.30976739810477
Paddy,P018,0.0924092409240924,2022-11-23,2022-09-15,30.96876389813254,75.30976739810477
Paddy,P019,0.09328683522231909,2022-06-06,2022-09-15,30.971355726780377,75.31127785569319
Paddy,P019,0.07367336424523442,2022-06-11,2022-09-15,30.971355726780377,75.31127785569319
Paddy,P019,0.054061251664447404,2022-06-16,2022-09-15,30.971355726780377,75.31127785569319
Paddy,P019,0.04122497055359246,2022-06-26,2022-09-15,30.971355726780377,75.31127785569319
Paddy,P019,0.04993252361673414,2022-07-16,2022-09-15,30.971355726780377,75.31127785569319
Paddy,P019,0.8569029224051058,2022-08-10,2022-09-15,30.971355726780377,75.31127785569319
Paddy,P019,0.7895457658068934,2022-09-04,2022-09-15,30.971355726780377,75.31127785569319
Paddy,P019,0.5620767494356659,2022-09-09,2022-09-15,30.971355726780377,75.31127785569319
Paddy,P019,0.8058950395398994,2022-09-19,2022-09-15,30.971355726780377,75.31127785569319
Paddy,P019,0.7397769516728625,2022-09-29,2022-09-15,30.971355726780377,75.31127785569319
Paddy,P019,0.8717113505387121,2022-10-04,2022-09-15,30.971355726780377,75.31127785569319
Paddy,P019,0.7471967380224261,2022-10-14,2022-09-15,30.971355726780377,75.31127785569319
Paddy,P019,0.6968442834971547,2022-10-19,2022-09-15,30.971355726780377,75.31127785569319
Paddy,P019,0.6994323274574246,2022-10-24,2022-09-15,30.971355726780377,75.31127785569319
Paddy,P019,0.4585127763422337,2022-10-29,2022-09-15,30.971355726780377,75.31127785569319
Paddy,P019,0.24971363115693013,2022-11-13,2022-09-15,30.971355726780377,75.31127785569319
Paddy,P019,0.12364620938628158,2022-11-23,2022-09-15,30.971355726780377,75.31127785569319
Paddy,P019,0.09829059829059829,2022-11-28,2022-09-15,30.971355726780377,75.31127785569319
Paddy,P020,0.07828089025326171,2022-06-06,2022-09-15,30.97895332814909,75.30284223265092
Paddy,P020,0.06985294117647059,2022-06-11,2022-09-15,30.97895332814909,75.30284223265092
Paddy,P020,0.052685421994884914,2022-06-16,2022-09-15,30.97895332814909,75.30284223265092
Paddy,P020,0.07417735638594534,2022-06-26,2022-09-15,30.97895332814909,75.30284223265092
Paddy,P020,0.6900638103919782,2022-07-16,2022-09-15,30.97895332814909,75.30284223265092
Paddy,P020,0.9430637144148215,2022-08-10,2022-09-15,30.97895332814909,75.30284223265092
Paddy,P020,0.883495145631068,2022-09-04,2022-09-15,30.97895332814909,75.30284223265092
Paddy,P020,0.7441051410900658,2022-09-09,2022-09-15,30.97895332814909,75.30284223265092
Paddy,P020,0.8061712299000434,2022-09-19,2022-09-15,30.97895332814909,75.30284223265092
Paddy,P020,0.7284552845528456,2022-09-29,2022-09-15,30.97895332814909,75.30284223265092
Paddy,P020,0.8368047047292331,2022-10-04,2022-09-15,30.97895332814909,75.30284223265092
Paddy,P020,0.5925723648279628,2022-10-14,2022-09-15,30.97895332814909,75.30284223265092
Paddy,P020,0.5244596131968146,2022-10-19,2022-09-15,30.97895332814909,75.30284223265092
Paddy,P020,0.45955770978491367,2022-10-24,2022-09-15,30.97895332814909,75.30284223265092
Paddy,P020,0.2985971943887776,2022-10-29,2022-09-15,30.97895332814909,75.30284223265092
Paddy,P020,0.11207430340557276,2022-11-13,2022-09-15,30.97895332814909,75.30284223265092
Paddy,P020,0.11640953716690042,2022-11-23,2022-09-15,30.97895332814909,75.30284223265092
Paddy,P021,0.07379518072289157,2022-06-06,2022-09-15,30.979008518751808,75.30218777364905
Paddy,P021,0.07949412827461608,2022-06-11,2022-09-15,30.979008518751808,75.30218777364905
Paddy,P021,0.04029643353404354,2022-06-16,2022-09-15,30.979008518751808,75.30218777364905
Paddy,P021,0.01490757304710793,2022-06-26,2022-09-15,30.979008518751808,75.30218777364905
Paddy,P021,0.6769651935862339,2022-07-16,2022-09-15,30.979008518751808,75.30218777364905
Paddy,P021,0.9482363719651855,2022-08-10,2022-09-15,30.979008518751808,75.30218777364905
Paddy,P021,0.8813409792677548,2022-09-04,2022-09-15,30.979008518751808,75.30218777364905
Paddy,P021,0.7419859265050821,2022-09-09,2022-09-15,30.979008518751808,75.30218777364905
Paddy,P021,0.8008427589265913,2022-09-19,2022-09-15,30.979008518751808,75.30218777364905
Paddy,P021,0.7256198347107438,2022-09-29,2022-09-15,30.979008518751808,75.30218777364905
Paddy,P021,0.8509099975068561,2022-10-04,2022-09-15,30.979008518751808,75.30218777364905
Paddy,P021,0.6052921719955898,2022-10-14,2022-09-15,30.979008518751808,75.30218777364905
Paddy,P021,0.5420835785756327,2022-10-19,2022-09-15,30.979008518751808,75.30218777364905
Paddy,P021,0.4759962347034829,2022-10-24,2022-09-15,30.979008518751808,75.30218777364905
Paddy,P021,0.29429133858267714,2022-10-29,2022-09-15,30.979008518751808,75.30218777364905
Paddy,P021,0.11046171829339567,2022-11-13,2022-09-15,30.979008518751808,75.30218777364905
Paddy,P021,0.13223970539002344,2022-11-23,2022-09-15,30.979008518751808,75.30218777364905
Paddy,P022,0.0358191426893717,2022-06-06,2022-09-15,30.974585785089108,75.30022961127695
Paddy,P022,0.0527803958529689,2022-06-11,2022-09-15,30.974585785089108,75.30022961127695
Paddy,P022,0.0257173219978746,2022-06-16,2022-09-15,30.974585785089108,75.30022961127695
Paddy,P022,-0.06389020350212968,2022-06-26,2022-09-15,30.974585785089108,75.30022961127695
Paddy,P022,0.44137507673419274,2022-07-16,2022-09-15,30.974585785089108,75.30022961127695
Paddy,P022,0.9135514018691588,2022-08-10,2022-09-15,30.974585785089108,75.30022961127695
Paddy,P022,0.8754578754578755,2022-09-04,2022-09-15,30.974585785089108,75.30022961127695
Paddy,P022,0.6339468302658486,2022-09-09,2022-09-15,30.974585785089108,75.30022961127695
Paddy,P022,0.803959439884114,2022-09-19,2022-09-15,30.974585785089108,75.30022961127695
Paddy,P022,0.5942959001782531,2022-09-29,2022-09-15,30.974585785089108,75.30022961127695
Paddy,P022,0.838970938542163,2022-10-04,2022-09-15,30.974585785089108,75.30022961127695
Paddy,P022,0.7063766683143846,2022-10-14,2022-09-15,30.974585785089108,75.30022961127695
Paddy,P022,0.6448785374405209,2022-10-19,2022-09-15,30.974585785089108,75.30022961127695
Paddy,P022,0.6190208216094542,2022-10-24,2022-09-15,30.974585785089108,75.30022961127695
Paddy,P022,0.4192163177670424,2022-10-29,2022-09-15,30.974585785089108,75.30022961127695
Paddy,P022,0.05551330798479087,2022-11-13,2022-09-15,30.974585785089108,75.30022961127695
Paddy,P022,0.0847723704866562,2022-11-23,2022-09-15,30.974585785089108,75.30022961127695
Paddy,P022,0.08523908523908524,2022-11-28,2022-09-15,30.974585785089108,75.30022961127695
Paddy,P023,0.07917174177831912,2022-06-06,2022-09-15,30.97879988883439,75.3035073714279
Paddy,P023,0.06510311362717347,2022-06-11,2022-09-15,30.97879988883439,75.3035073714279
Paddy,P023,0.057391304347826085,2022-06-16,2022-09-15,30.97879988883439,75.3035073714279
Paddy,P023,-0.08628005657708628,2022-06-26,2022-09-15,30.97879988883439,75.3035073714279
Paddy,P023,0.7273673257023934,2022-07-16,2022-09-15,30.97879988883439,75.3035073714279
Paddy,P023,0.9295093296475466,2022-08-10,2022-09-15,30.97879988883439,75.3035073714279
Paddy,P023,0.8778791829639288,2022-09-04,2022-09-15,30.97879988883439,75.3035073714279
Paddy,P023,0.7313677313677314,2022-09-09,2022-09-15,30.97879988883439,75.3035073714279
Paddy,P023,0.8092738407699037,2022-09-19,2022-09-15,30.97879988883439,75.3035073714279
Paddy,P023,0.7478296816866474,2022-09-29,2022-09-15,30.97879988883439,75.3035073714279
Paddy,P023,0.8485212791536427,2022-10-04,2022-09-15,30.97879988883439,75.3035073714279
Paddy,P023,0.6591504981646565,2022-10-14,2022-09-15,30.97879988883439,75.3035073714279
Paddy,P023,0.6182857142857143,2022-10-19,2022-09-15,30.97879988883439,75.3035073714279
Paddy,P023,0.5447897623400365,2022-10-24,2022-09-15,30.97879988883439,75.3035073714279
Paddy,P023,0.30919220055710306,2022-10-29,2022-09-15,30.97879988883439,75.3035073714279
Paddy,P023,0.14919852034525277,2022-11-13,2022-09-15,30.97879988883439,75.3035073714279
Paddy,P023,0.2353961827646038,2022-11-23,2022-09-15,30.97879988883439,75.3035073714279
Paddy,P024,0.17389277389277388,2022-06-06,2022-09-15,30.96979997250729,75.30165842046063
Paddy,P024,0.06706281833616298,2022-06-11,2022-09-15,30.96979997250729,75.30165842046063
Paddy,P024,0.058823529411764705,2022-06-16,2022-09-15,30.96979997250729,75.30165842046063
Paddy,P024,0.10727272727272727,2022-06-26,2022-09-15,30.96979997250729,75.30165842046063
Paddy,P024,0.22420907840440166,2022-07-16,2022-09-15,30.96979997250729,75.30165842046063
Paddy,P024,0.9508070714834742,2022-08-10,2022-09-15,30.96979997250729,75.30165842046063
Paddy,P024,0.8856053384175405,2022-09-04,2022-09-15,30.96979997250729,75.30165842046063
Paddy,P024,0.1796078431372549,2022-09-09,2022-09-15,30.96979997250729,75.30165842046063
Paddy,P024,0.803960396039604,2022-09-19,2022-09-15,30.96979997250729,75.30165842046063
Paddy,P024,0.7203751065643649,2022-09-29,2022-09-15,30.96979997250729,75.30165842046063
Paddy,P024,0.8448484848484848,2022-10-04,2022-09-15,30.96979997250729,75.30165842046063
Paddy,P024,0.6976506639427987,2022-10-14,2022-09-15,30.96979997250729,75.30165842046063
Paddy,P024,0.620997375328084,2022-10-19,2022-09-15,30.96979997250729,75.30165842046063
Paddy,P024,0.5936962750716333,2022-10-24,2022-09-15,30.96979997250729,75.30165842046063
Paddy,P024,0.386449864498645,2022-10-29,2022-09-15,30.96979997250729,75.30165842046063
Paddy,P024,0.20264681555004135,2022-11-13,2022-09-15,30.96979997250729,75.30165842046063
Paddy,P024,0.11347517730496454,2022-11-23,2022-09-15,30.96979997250729,75.30165842046063
Paddy,P024,0.13147410358565736,2022-11-28,2022-09-15,30.96979997250729,75.30165842046063
Paddy,P025,0.11141060197663971,2022-06-06,2022-09-15,30.967552166523813,75.30717915782662
Paddy,P025,0.08539094650205761,2022-06-11,2022-09-15,30.967552166523813,75.30717915782662
Paddy,P025,0.06810412831974756,2022-06-16,2022-09-15,30.967552166523813,75.30717915782662
Paddy,P025,0.031351893654376725,2022-06-26,2022-09-15,30.967552166523813,75.30717915782662
Paddy,P025,0.3684210526315789,2022-07-16,2022-09-15,30.967552166523813,75.30717915782662
Paddy,P025,0.898989898989899,2022-08-10,2022-09-15,30.967552166523813,75.30717915782662
Paddy,P025,0.8493117604443371,2022-09-04,2022-09-15,30.967552166523813,75.30717915782662
Paddy,P025,0.6349809885931559,2022-09-09,2022-09-15,30.967552166523813,75.30717915782662
Paddy,P025,0.7769285884881777,2022-09-19,2022-09-15,30.967552166523813,75.30717915782662
Paddy,P025,0.707824513794663,2022-09-29,2022-09-15,30.967552166523813,75.30717915782662
Paddy,P025,0.789556135770235,2022-10-04,2022-09-15,30.967552166523813,75.30717915782662
Paddy,P025,0.6284275321768327,2022-10-14,2022-09-15,30.967552166523813,75.30717915782662
Paddy,P025,0.5588315588315589,2022-10-19,2022-09-15,30.967552166523813,75.30717915782662
Paddy,P025,0.5033434650455927,2022-10-24,2022-09-15,30.967552166523813,75.30717915782662
Paddy,P025,0.34492753623188405,2022-10-29,2022-09-15,30.967552166523813,75.30717915782662
Paddy,P025,0.2342007434944238,2022-11-13,2022-09-15,30.967552166523813,75.30717915782662
Paddy,P025,0.08901734104046242,2022-11-23,2022-09-15,30.967552166523813,75.30717915782662
Paddy,P025,0.08218277449046679,2022-11-28,2022-09-15,30.967552166523813,75.30717915782662
Paddy,P026,0.2915047196002221,2025-06-03,2025-11-15,16.77547842,82.09289098
Paddy,P026,0.3481298808055898,2025-06-08,2025-11-15,16.77547842,82.09289098
Paddy,P026,0.37161430119176597,2025-08-02,2025-11-15,16.77547842,82.09289098
Paddy,P026,0.011221945137157107,2025-09-06,2025-11-15,16.77547842,82.09289098
Paddy,P026,0.5512265512265512,2025-10-06,2025-11-15,16.77547842,82.09289098
Paddy,P026,0.7779661016949152,2025-10-31,2025-11-15,16.77547842,82.09289098
Paddy,P026,0.8292011019283747,2025-11-05,2025-11-15,16.77547842,82.09289098
Paddy,P026,0.7994350282485876,2025-11-07,2025-11-15,16.77547842,82.09289098
Paddy,P026,0.6931397665812695,2025-11-10,2025-11-15,16.77547842,82.09289098
Paddy,P026,0.4176372712146423,2025-11-15,2025-11-15,16.77547842,82.09289098
Paddy,P026,0.5961405926946933,2025-11-20,2025-11-15,16.77547842,82.09289098
Paddy,P026,0.2935862691960253,2025-11-25,2025-11-15,16.77547842,82.09289098
Paddy,P026,0.020804438280166437,2025-11-27,2025-11-15,16.77547842,82.09289098
Paddy,P026,0.1867704280155642,2025-12-10,2025-11-15,16.77547842,82.09289098
Paddy,P026,0.1745872936468234,2025-12-15,2025-11-15,16.77547842,82.09289098
Paddy,P026,0.07338769458858414,2025-12-17,2025-11-15,16.77547842,82.09289098
Paddy,P027,0.11420059582919563,2022-06-26,2022-07-15,30.948132488350712,75.8082301803597
Paddy,P027,-0.057057057057057055,2022-07-16,2022-07-15,30.948132488350712,75.8082301803597
Paddy,P027,0.9464584495259342,2022-08-10,2022-07-15,30.948132488350712,75.8082301803597
Paddy,P027,0.7735470941883767,2022-09-04,2022-07-15,30.948132488350712,75.8082301803597
Paddy,P027,0.7658115316230633,2022-09-19,2022-07-15,30.948132488350712,75.8082301803597
Paddy,P027,0.639101456430511,2022-09-29,2022-07-15,30.948132488350712,75.8082301803597
Paddy,P027,0.8138311859058638,2022-10-04,2022-07-15,30.948132488350712,75.8082301803597
Paddy,P027,0.48313492063492064,2022-10-14,2022-07-15,30.948132488350712,75.8082301803597
Paddy,P027,0.3635929288103201,2022-10-19,2022-07-15,30.948132488350712,75.8082301803597
Paddy,P027,0.2545360290305858,2022-10-24,2022-07-15,30.948132488350712,75.8082301803597
Paddy,P027,0.19852941176470587,2022-10-29,2022-07-15,30.948132488350712,75.8082301803597
Paddy,P027,0.12996632996632998,2022-11-13,2022-07-15,30.948132488350712,75.8082301803597
Paddy,P027,0.12484076433121019,2022-11-23,2022-07-15,30.948132488350712,75.8082301803597
Paddy,P028,0.0586145648312611,2022-06-16,2022-07-15,30.946520316675223,75.8040755032444
Paddy,P028,0.01673258290234256,2022-06-26,2022-07-15,30.946520316675223,75.8040755032444
Paddy,P028,-0.024665981500513873,2022-07-16,2022-07-15,30.946520316675223,75.8040755032444
Paddy,P028,0.9100299900033322,2022-08-10,2022-07-15,30.946520316675223,75.8040755032444
Paddy,P028,0.7965714285714286,2022-09-04,2022-07-15,30.946520316675223,75.8040755032444
Paddy,P028,0.7658930373360242,2022-09-19,2022-07-15,30.946520316675223,75.8040755032444
Paddy,P028,0.6734480959833072,2022-09-29,2022-07-15,30.946520316675223,75.8040755032444
Paddy,P028,0.8068386322735452,2022-10-04,2022-07-15,30.946520316675223,75.8040755032444
Paddy,P028,0.5064935064935064,2022-10-14,2022-07-15,30.946520316675223,75.8040755032444
Paddy,P028,0.39010644959298685,2022-10-19,2022-07-15,30.946520316675223,75.8040755032444
Paddy,P028,0.40706503796632554,2022-10-24,2022-07-15,30.946520316675223,75.8040755032444
Paddy,P028,0.23482077542062912,2022-10-29,2022-07-15,30.946520316675223,75.8040755032444
Paddy,P028,0.14942528735632185,2022-11-13,2022-07-15,30.946520316675223,75.8040755032444
Paddy,P028,0.14937759336099585,2022-11-23,2022-07-15,30.946520316675223,75.8040755032444
Paddy,P029,0.11420059582919563,2022-06-26,2022-07-15,30.948132488350712,75.8082301803597
Paddy,P029,-0.057057057057057055,2022-07-16,2022-07-15,30.948132488350712,75.8082301803597
Paddy,P029,0.9464584495259342,2022-08-10,2022-07-15,30.948132488350712,75.8082301803597
Paddy,P029,0.7735470941883767,2022-09-04,2022-07-15,30.948132488350712,75.8082301803597
Paddy,P029,0.7658115316230633,2022-09-19,2022-07-15,30.948132488350712,75.8082301803597
Paddy,P029,0.639101456430511,2022-09-29,2022-07-15,30.948132488350712,75.8082301803597
Paddy,P029,0.8138311859058638,2022-10-04,2022-07-15,30.948132488350712,75.8082301803597
Paddy,P029,0.48313492063492064,2022-10-14,2022-07-15,30.948132488350712,75.8082301803597
Paddy,P029,0.3635929288103201,2022-10-19,2022-07-15,30.948132488350712,75.8082301803597
Paddy,P029,0.2545360290305858,2022-10-24,2022-07-15,30.948132488350712,75.8082301803597
Paddy,P029,0.19852941176470587,2022-10-29,2022-07-15,30.948132488350712,75.8082301803597
Paddy,P029,0.12996632996632998,2022-11-13,2022-07-15,30.948132488350712,75.8082301803597
Paddy,P029,0.12484076433121019,2022-11-23,2022-07-15,30.948132488350712,75.8082301803597
Paddy,P030,0.0586145648312611,2022-06-16,2022-07-15,30.946520316675223,75.8040755032444
Paddy,P030,0.01673258290234256,2022-06-26,2022-07-15,30.946520316675223,75.8040755032444
Paddy,P030,-0.024665981500513873,2022-07-16,2022-07-15,30.946520316675223,75.8040755032444
Paddy,P030,0.9100299900033322,2022-08-10,2022-07-15,30.946520316675223,75.8040755032444
Paddy,P030,0.7965714285714286,2022-09-04,2022-07-15,30.946520316675223,75.8040755032444
Paddy,P030,0.7658930373360242,2022-09-19,2022-07-15,30.946520316675223,75.8040755032444
Paddy,P030,0.6734480959833072,2022-09-29,2022-07-15,30.946520316675223,75.8040755032444
Paddy,P030,0.8068386322735452,2022-10-04,2022-07-15,30.946520316675223,75.8040755032444
Paddy,P030,0.5064935064935064,2022-10-14,2022-07-15,30.946520316675223,75.8040755032444
Paddy,P030,0.39010644959298685,2022-10-19,2022-07-15,30.946520316675223,75.8040755032444
Paddy,P030,0.40706503796632554,2022-10-24,2022-07-15,30.946520316675223,75.8040755032444
Paddy,P030,0.23482077542062912,2022-10-29,2022-07-15,30.946520316675223,75.8040755032444
Paddy,P030,0.14942528735632185,2022-11-13,2022-07-15,30.946520316675223,75.8040755032444
Paddy,P030,0.14937759336099585,2022-11-23,2022-07-15,30.946520316675223,75.8040755032444
Paddy,P031,0.02715061446127465,2022-06-16,2022-07-15,30.94571108705244,75.80520908206796
Paddy,P031,0.049868766404199474,2022-06-26,2022-07-15,30.94571108705244,75.80520908206796
Paddy,P031,0.04499437570303712,2022-07-16,2022-07-15,30.94571108705244,75.80520908206796
Paddy,P031,0.9727341580408988,2022-08-10,2022-07-15,30.94571108705244,75.80520908206796
Paddy,P031,0.7817727840199751,2022-09-04,2022-07-15,30.94571108705244,75.80520908206796
Paddy,P031,0.780253164556962,2022-09-19,2022-07-15,30.94571108705244,75.80520908206796
Paddy,P031,0.6658202133062469,2022-09-29,2022-07-15,30.94571108705244,75.80520908206796
Paddy,P031,0.8141368628555337,2022-10-04,2022-07-15,30.94571108705244,75.80520908206796
Paddy,P031,0.5220199647680563,2022-10-14,2022-07-15,30.94571108705244,75.80520908206796
Paddy,P031,0.4149742346165505,2022-10-19,2022-07-15,30.94571108705244,75.80520908206796
Paddy,P031,0.46535303776683085,2022-10-24,2022-07-15,30.94571108705244,75.80520908206796
Paddy,P031,0.235895494131011,2022-10-29,2022-07-15,30.94571108705244,75.80520908206796
Paddy,P031,0.12022630834512023,2022-11-13,2022-07-15,30.94571108705244,75.80520908206796
Paddy,P031,0.17281934008493957,2022-11-23,2022-07-15,30.94571108705244,75.80520908206796
Paddy,P032,0.09980171844018507,2022-06-16,2022-07-15,30.9134888692768,75.93981834767297
Paddy,P032,0.037489102005231034,2022-06-26,2022-07-15,30.9134888692768,75.93981834767297
Paddy,P032,0.36312849162011174,2022-07-16,2022-07-15,30.9134888692768,75.93981834767297
Paddy,P032,0.9093078758949881,2022-08-10,2022-07-15,30.9134888692768,75.93981834767297
Paddy,P032,0.8422363686686963,2022-09-04,2022-07-15,30.9134888692768,75.93981834767297
Paddy,P032,0.7681707646582004,2022-09-19,2022-07-15,30.9134888692768,75.93981834767297
Paddy,P032,0.5841392649903289,2022-09-29,2022-07-15,30.9134888692768,75.93981834767297
Paddy,P032,0.8929990828492815,2022-10-04,2022-07-15,30.9134888692768,75.93981834767297
Paddy,P032,0.7034949267192785,2022-10-14,2022-07-15,30.9134888692768,75.93981834767297
Paddy,P032,0.6040289581366068,2022-10-19,2022-07-15,30.9134888692768,75.93981834767297
Paddy,P032,0.5363957597173145,2022-10-24,2022-07-15,30.9134888692768,75.93981834767297
Paddy,P032,0.2062780269058296,2022-10-29,2022-07-15,30.9134888692768,75.93981834767297
Paddy,P032,0.21137685843568196,2022-11-13,2022-07-15,30.9134888692768,75.93981834767297
Paddy,P032,0.13056163384390956,2022-11-23,2022-07-15,30.9134888692768,75.93981834767297
Paddy,P033,0.10204081632653061,2022-06-11,2022-07-15,30.914554741083467,75.93964085571542
Paddy,P033,-0.0009216589861751152,2022-06-16,2022-07-15,30.914554741083467,75.93964085571542
Paddy,P033,0.22683530382183117,2022-06-26,2022-07-15,30.914554741083467,75.93964085571542
Paddy,P033,0.6582064297800339,2022-07-16,2022-07-15,30.914554741083467,75.93964085571542
Paddy,P033,0.930453681064928,2022-08-10,2022-07-15,30.914554741083467,75.93964085571542
Paddy,P033,0.807909604519774,2022-09-04,2022-07-15,30.914554741083467,75.93964085571542
Paddy,P033,0.7627791563275435,2022-09-19,2022-07-15,30.914554741083467,75.93964085571542
Paddy,P033,0.5834896810506567,2022-09-29,2022-07-15,30.914554741083467,75.93964085571542
Paddy,P033,0.8755635707844905,2022-10-04,2022-07-15,30.914554741083467,75.93964085571542
Paddy,P033,0.6473955352032055,2022-10-14,2022-07-15,30.914554741083467,75.93964085571542
Paddy,P033,0.36507936507936506,2022-10-19,2022-07-15,30.914554741083467,75.93964085571542
Paddy,P033,0.171875,2022-10-24,2022-07-15,30.914554741083467,75.93964085571542
Paddy,P033,0.13333333333333333,2022-10-29,2022-07-15,30.914554741083467,75.93964085571542
Paddy,P033,0.11692084241103849,2022-11-13,2022-07-15,30.914554741083467,75.93964085571542
Paddy,P034,0.09080654258319233,2022-06-11,2022-07-15,30.915043413508243,75.93968652605271
Paddy,P034,0.06934306569343066,2022-06-16,2022-07-15,30.915043413508243,75.93968652605271
Paddy,P034,0.17638588912886968,2022-06-26,2022-07-15,30.915043413508243,75.93968652605271
Paddy,P034,0.7496087636932708,2022-07-16,2022-07-15,30.915043413508243,75.93968652605271
Paddy,P034,0.9489274770173647,2022-08-10,2022-07-15,30.915043413508243,75.93968652605271
Paddy,P034,0.8193618171984857,2022-09-04,2022-07-15,30.915043413508243,75.93968652605271
Paddy,P034,0.7648261758691206,2022-09-19,2022-07-15,30.915043413508243,75.93968652605271
Paddy,P034,0.5950570342205324,2022-09-29,2022-07-15,30.915043413508243,75.93968652605271
Paddy,P034,0.8534818941504179,2022-10-04,2022-07-15,30.915043413508243,75.93968652605271
Paddy,P034,0.6570247933884298,2022-10-14,2022-07-15,30.915043413508243,75.93968652605271
Paddy,P034,0.4034758102395491,2022-10-19,2022-07-15,30.915043413508243,75.93968652605271
Paddy,P034,0.22781406069919324,2022-10-24,2022-07-15,30.915043413508243,75.93968652605271
Paddy,P034,0.19447186574531095,2022-10-29,2022-07-15,30.915043413508243,75.93968652605271
Paddy,P034,0.1190253045923149,2022-11-13,2022-07-15,30.915043413508243,75.93968652605271
Paddy,P034,0.15294117647058825,2022-11-23,2022-07-15,30.915043413508243,75.93968652605271
Paddy,P035,0.10416666666666667,2022-06-11,2022-07-15,30.914649841990478,75.94400056241332
Paddy,P035,0.09462219196732471,2022-06-16,2022-07-15,30.914649841990478,75.94400056241332
Paddy,P035,0.13289473684210526,2022-06-26,2022-07-15,30.914649841990478,75.94400056241332
Paddy,P035,0.6296296296296297,2022-07-16,2022-07-15,30.914649841990478,75.94400056241332
Paddy,P035,0.9469482359000773,2022-08-10,2022-07-15,30.914649841990478,75.94400056241332
Paddy,P035,0.8122705820660724,2022-09-04,2022-07-15,30.914649841990478,75.94400056241332
Paddy,P035,0.7588506926629041,2022-09-19,2022-07-15,30.914649841990478,75.94400056241332
Paddy,P035,0.6635421805624075,2022-09-29,2022-07-15,30.914649841990478,75.94400056241332
Paddy,P035,0.859594383775351,2022-10-04,2022-07-15,30.914649841990478,75.94400056241332
Paddy,P035,0.6584638329604773,2022-10-14,2022-07-15,30.914649841990478,75.94400056241332
Paddy,P035,0.6112026359143328,2022-10-19,2022-07-15,30.914649841990478,75.94400056241332
Paddy,P035,0.41159988792378815,2022-10-24,2022-07-15,30.914649841990478,75.94400056241332
Paddy,P035,0.235,2022-10-29,2022-07-15,30.914649841990478,75.94400056241332
Paddy,P035,0.12180746561886051,2022-11-13,2022-07-15,30.914649841990478,75.94400056241332
Paddy,P035,0.12595097210481826,2022-11-23,2022-07-15,30.914649841990478,75.94400056241332
Paddy,P036,0.14014752370916755,2025-11-29,2025-12-15,30.914542717265114,75.94513116910404
Paddy,P036,0.14456630109670987,2025-12-02,2025-12-15,30.914542717265114,75.94513116910404
Paddy,P036,0.17142857142857143,2025-12-07,2025-12-15,30.914542717265114,75.94513116910404
Paddy,P036,0.17327459618208516,2025-12-22,2025-12-15,30.914542717265114,75.94513116910404
Paddy,P036,0.40093603744149764,2025-12-27,2025-12-15,30.914542717265114,75.94513116910404
Paddy,P036,0.7544529262086515,2026-01-21,2025-12-15,30.914542717265114,75.94513116910404
Paddy,P036,0.8278327832783279,2026-02-05,2025-12-15,30.914542717265114,75.94513116910404
Paddy,P036,0.8358946212952799,2026-02-15,2025-12-15,30.914542717265114,75.94513116910404
Paddy,P036,0.8612903225806452,2026-02-20,2025-12-15,30.914542717265114,75.94513116910404
Paddy,P036,0.6002135041366427,2026-02-25,2025-12-15,30.914542717265114,75.94513116910404
Paddy,P036,0.8090605047126787,2026-03-02,2025-12-15,30.914542717265114,75.94513116910404
Paddy,P036,0.4922852983988355,2026-03-07,2025-12-15,30.914542717265114,75.94513116910404
Paddy,P036,0.23664717348927874,2026-04-06,2025-12-15,30.914542717265114,75.94513116910404
Paddy,P036,0.18674894446248783,2026-04-11,2025-12-15,30.914542717265114,75.94513116910404
Paddy,P036,0.13221528861154447,2026-04-21,2025-12-15,30.914542717265114,75.94513116910404
Paddy,P036,0.12445501387237416,2026-04-26,2025-12-15,30.914542717265114,75.94513116910404
Paddy,P036,0.09591258599757184,2026-05-01,2025-12-15,30.914542717265114,75.94513116910404
Paddy,P036,0.07590529247910864,2026-05-06,2025-12-15,30.914542717265114,75.94513116910404
Paddy,P036,0.0920340293890178,2026-05-16,2025-12-15,30.914542717265114,75.94513116910404
Paddy,P036,0.09129511677282377,2026-05-26,2025-12-15,30.914542717265114,75.94513116910404
Paddy,P036,0.06656804733727811,2026-05-31,2025-12-15,30.914542717265114,75.94513116910404
Paddy,P036,0.07495429616087751,2026-06-05,2025-12-15,30.914542717265114,75.94513116910404
Paddy,P037,0.08112874779541446,2021-11-18,2022-09-15,30.51358008,74.77340281
Paddy,P037,0.1671388101983003,2021-11-23,2022-09-15,30.51358008,74.77340281
Paddy,P037,0.32540861812778604,2021-11-28,2022-09-15,30.51358008,74.77340281
Paddy,P037,0.22737306843267108,2021-12-03,2022-09-15,30.51358008,74.77340281
Paddy,P037,0.2571976967370441,2021-12-08,2022-09-15,30.51358008,74.77340281
Paddy,P037,0.22854715378079865,2021-12-13,2022-09-15,30.51358008,74.77340281
Paddy,P037,0.5002794857462269,2021-12-18,2022-09-15,30.51358008,74.77340281
Paddy,P037,0.4134334584897789,2021-12-23,2022-09-15,30.51358008,74.77340281
Paddy,P037,0.5760135135135135,2021-12-28,2022-09-15,30.51358008,74.77340281
Paddy,P037,0.3392307692307692,2022-01-02,2022-09-15,30.51358008,74.77340281
Paddy,P037,0.8938093086308179,2022-01-27,2022-09-15,30.51358008,74.77340281
Paddy,P037,0.9056982343499197,2022-02-11,2022-09-15,30.51358008,74.77340281
Paddy,P037,0.9262311163429469,2022-02-16,2022-09-15,30.51358008,74.77340281
Paddy,P037,0.9173387096774194,2022-02-21,2022-09-15,30.51358008,74.77340281
Paddy,P037,0.8979447200566973,2022-03-08,2022-09-15,30.51358008,74.77340281
Paddy,P037,0.8482895389191869,2022-03-13,2022-09-15,30.51358008,74.77340281
Paddy,P037,0.6751066856330015,2022-03-18,2022-09-15,30.51358008,74.77340281
Paddy,P037,0.7186700767263428,2022-03-23,2022-09-15,30.51358008,74.77340281
Paddy,P037,0.46579049091611907,2022-03-28,2022-09-15,30.51358008,74.77340281
Paddy,P037,0.2867909559698532,2022-04-02,2022-09-15,30.51358008,74.77340281
Paddy,P037,0.22693997071742314,2022-04-07,2022-09-15,30.51358008,74.77340281
Paddy,P037,0.1819345401353081,2022-04-22,2022-09-15,30.51358008,74.77340281
Paddy,P037,0.15234440180210246,2022-04-27,2022-09-15,30.51358008,74.77340281
Paddy,P037,0.14285714285714285,2022-05-02,2022-09-15,30.51358008,74.77340281
Paddy,P037,0.12694729864103413,2022-05-07,2022-09-15,30.51358008,74.77340281
Paddy,P037,0.1470723835869064,2022-05-12,2022-09-15,30.51358008,74.77340281
Paddy,P037,0.218707015130674,2022-05-17,2022-09-15,30.51358008,74.77340281
Paddy,P037,0.14478764478764478,2022-05-22,2022-09-15,30.51358008,74.77340281
Paddy,P037,0.07789473684210527,2022-05-27,2022-09-15,30.51358008,74.77340281
Paddy,P037,0.1111111111111111,2022-06-01,2022-09-15,30.51358008,74.77340281
Paddy,P037,0.0829326923076923,2022-06-06,2022-09-15,30.51358008,74.77340281
Paddy,P037,0.07573244886677723,2022-06-11,2022-09-15,30.51358008,74.77340281
Paddy,P037,-0.08686376104846083,2022-06-26,2022-09-15,30.51358008,74.77340281
Paddy,P037,0.1991657977059437,2022-07-16,2022-09-15,30.51358008,74.77340281
Paddy,P037,0.9089581304771178,2022-08-10,2022-09-15,30.51358008,74.77340281
Paddy,P037,0.8128523111612176,2022-08-30,2022-09-15,30.51358008,74.77340281
Paddy,P037,0.8380390940117902,2022-09-04,2022-09-15,30.51358008,74.77340281
Paddy,P037,0.728,2022-09-09,2022-09-15,30.51358008,74.77340281
Paddy,P037,0.7332139659803044,2022-09-19,2022-09-15,30.51358008,74.77340281
Paddy,P037,0.8131776480400333,2022-09-29,2022-09-15,30.51358008,74.77340281
Paddy,P037,0.76044056906838,2022-10-04,2022-09-15,30.51358008,74.77340281
Paddy,P037,0.48883374689826303,2022-10-14,2022-09-15,30.51358008,74.77340281
Paddy,P037,0.41967871485943775,2022-10-19,2022-09-15,30.51358008,74.77340281
Paddy,P037,0.3961864406779661,2022-10-24,2022-09-15,30.51358008,74.77340281
Paddy,P037,0.29743812418584453,2022-10-29,2022-09-15,30.51358008,74.77340281
Paddy,P037,0.27860696517412936,2022-11-03,2022-09-15,30.51358008,74.77340281
Paddy,P037,0.2499185402411209,2022-11-13,2022-09-15,30.51358008,74.77340281
Paddy,P037,0.1828358208955224,2022-11-18,2022-09-15,30.51358008,74.77340281
Paddy,P037,0.13680494263018536,2022-11-23,2022-09-15,30.51358008,74.77340281
Paddy,P037,0.125,2022-11-28,2022-09-15,30.51358008,74.77340281
